Категория,Подкатегория 2,Подкатегория 3,Артикул,Имя товара,Цена,Количество,Производитель,Опция:Цвет
Детские товары и игрушки,Прогулки и детская комната,Коляски,598194,Коляска Adamex Barletta 2 in 1,"21230,0",5,Adamex,
Детские товары и игрушки,Прогулки и детская комната,Коляски,598194,Коляска Adamex Barletta 2 in 1,"24 750,0",6,Adamex,желтый
Детские товары и игрушки,Прогулки и детская комната,Коляски,598194,Коляска Adamex Barletta 2 in 1,"21 230,0",8,Adamex,коричневый
Детские товары и игрушки,Прогулки и детская комната,Коляски,598194,Коляска Adamex Barletta 2 in 1,"24 750,0",6,Adamex,красный
Детские товары и игрушки,Прогулки и детская комната,Коляски,598194,Коляска Adamex Barletta 2 in 1,"24 750,0",15,Adamex,оранжевый
Детские товары и игрушки,Прогулки и детская комната,Коляски,598194,Коляска Adamex Barletta 2 in 1,"24 750,0",13,Adamex,розовый
Детские товары и игрушки,Прогулки и детская комната,Коляски,598194,Коляска Adamex Barletta 2 in 1,"23 826,0",15,Adamex,серый
Детские товары и игрушки,Прогулки и детская комната,Коляски,598194,Коляска Adamex Barletta 2 in 1,"23 397,0",6,Adamex,графит
Детские товары и игрушки,Прогулки и детская комната,Коляски,598194,Коляска Adamex Barletta 2 in 1,"23 397,0",14,Adamex,бежевый
Детские товары и игрушки,Прогулки и детская комната,Коляски,598194,Коляска Adamex Barletta 2 in 1,"31 458,9",2,Adamex,белый
Детские товары и игрушки,Прогулки и детская комната,Коляски,598194,Коляска Adamex Barletta 2 in 1,"24 750,0",5,Adamex,бирюзовый
Детские товары и игрушки,Прогулки и детская комната,Коляски,598194,Коляска Adamex Barletta 2 in 1,"23 397,0",10,Adamex,синий
Детские товары и игрушки,Прогулки и детская комната,Коляски,164281,Коляска Peg Perego Si,"15818,0",7,Peg Perego,
Детские товары и игрушки,Прогулки и детская комната,Коляски,164281,Коляска Peg Perego Si,"15 818,0",2,Peg Perego,красный
Детские товары и игрушки,Прогулки и детская комната,Коляски,164281,Коляска Peg Perego Si,"28 050,0",11,Peg Perego,серебристый
Детские товары и игрушки,Прогулки и детская комната,Коляски,164281,Коляска Peg Perego Si,"16 544,0",15,Peg Perego,серый
Детские товары и игрушки,Прогулки и детская комната,Коляски,164281,Коляска Peg Perego Si,"20 152,0",14,Peg Perego,черный
Детские товары и игрушки,Прогулки и детская комната,Коляски,164281,Коляска Peg Perego Si,"15 818,0",13,Peg Perego,бежевый
Детские товары и игрушки,Прогулки и детская комната,Коляски,164281,Коляска Peg Perego Si,"17 589,0",13,Peg Perego,синий
Детские товары и игрушки,Прогулки и детская комната,Коляски,1220903,Коляска Adamex Barletta 3 in 1,"26701,4",2,Adamex,
Детские товары и игрушки,Прогулки и детская комната,Коляски,1220903,Коляска Adamex Barletta 3 in 1,"34 098,9",6,Adamex,желтый
Детские товары и игрушки,Прогулки и детская комната,Коляски,1220903,Коляска Adamex Barletta 3 in 1,"29 568,0",5,Adamex,коричневый
Детские товары и игрушки,Прогулки и детская комната,Коляски,1220903,Коляска Adamex Barletta 3 in 1,"34 098,9",5,Adamex,красный
Детские товары и игрушки,Прогулки и детская комната,Коляски,1220903,Коляска Adamex Barletta 3 in 1,"34 098,9",8,Adamex,оранжевый
Детские товары и игрушки,Прогулки и детская комната,Коляски,1220903,Коляска Adamex Barletta 3 in 1,"34 098,9",8,Adamex,розовый
Детские товары и игрушки,Прогулки и детская комната,Коляски,1220903,Коляска Adamex Barletta 3 in 1,"32 373,0",2,Adamex,серый
Детские товары и игрушки,Прогулки и детская комната,Коляски,1220903,Коляска Adamex Barletta 3 in 1,"32 710,7",4,Adamex,графит
Детские товары и игрушки,Прогулки и детская комната,Коляски,1220903,Коляска Adamex Barletta 3 in 1,"32 710,7",12,Adamex,бежевый
Детские товары и игрушки,Прогулки и детская комната,Коляски,1220903,Коляска Adamex Barletta 3 in 1,"26 701,4",8,Adamex,бирюзовый
Детские товары и игрушки,Прогулки и детская комната,Коляски,1220903,Коляска Adamex Barletta 3 in 1,"31 141,0",4,Adamex,синий
Детские товары и игрушки,Прогулки и детская комната,Коляски,181293,Коляска Capella S-803,"13198,9",2,Capella,
Детские товары и игрушки,Прогулки и детская комната,Коляски,181293,Коляска Capella S-803,"13 873,2",6,Capella,коричневый
Детские товары и игрушки,Прогулки и детская комната,Коляски,181293,Коляска Capella S-803,"13 198,9",7,Capella,красный
Детские товары и игрушки,Прогулки и детская комната,Коляски,181293,Коляска Capella S-803,"13 198,9",11,Capella,розовый
Детские товары и игрушки,Прогулки и детская комната,Коляски,181293,Коляска Capella S-803,"13 873,2",11,Capella,салатовый
Детские товары и игрушки,Прогулки и детская комната,Коляски,181293,Коляска Capella S-803,"13 198,9",15,Capella,серый
Детские товары и игрушки,Прогулки и детская комната,Коляски,181293,Коляска Capella S-803,"13 198,9",6,Capella,фиолетовый
Детские товары и игрушки,Прогулки и детская комната,Коляски,181293,Коляска Capella S-803,"15 134,9",10,Capella,бежевый
Детские товары и игрушки,Прогулки и детская комната,Коляски,181293,Коляска Capella S-803,"13 198,9",2,Capella,синий
Детские товары и игрушки,Прогулки и детская комната,Коляски,181326,Коляска Capella S-901,"12629,1",5,Capella,
Детские товары и игрушки,Прогулки и детская комната,Коляски,181326,Коляска Capella S-901,"13 915,0",2,Capella,коричневый
Детские товары и игрушки,Прогулки и детская комната,Коляски,181326,Коляска Capella S-901,"13 915,0",9,Capella,красный
Детские товары и игрушки,Прогулки и детская комната,Коляски,181326,Коляска Capella S-901,"15 005,1",6,Capella,розовый
Детские товары и игрушки,Прогулки и детская комната,Коляски,181326,Коляска Capella S-901,"13 198,9",10,Capella,салатовый
Детские товары и игрушки,Прогулки и детская комната,Коляски,181326,Коляска Capella S-901,"13 189,0",3,Capella,серый
Детские товары и игрушки,Прогулки и детская комната,Коляски,181326,Коляска Capella S-901,"12 879,9",3,Capella,фиолетовый
Детские товары и игрушки,Прогулки и детская комната,Коляски,181326,Коляска Capella S-901,"12 629,1",15,Capella,бежевый
Детские товары и игрушки,Прогулки и детская комната,Коляски,181326,Коляска Capella S-901,"13 189,0",14,Capella,синий
Детские товары и игрушки,Прогулки и детская комната,Коляски,166167,Коляска Peg Perego Pliko Mini,"8998,0",4,Peg Perego,
Детские товары и игрушки,Прогулки и детская комната,Коляски,166167,Коляска Peg Perego Pliko Mini,"9 570,0",6,Peg Perego,желтый
Детские товары и игрушки,Прогулки и детская комната,Коляски,166167,Коляска Peg Perego Pliko Mini,"10 514,9",15,Peg Perego,зеленый
Детские товары и игрушки,Прогулки и детская комната,Коляски,166167,Коляска Peg Perego Pliko Mini,"14 080,0",14,Peg Perego,красный
Детские товары и игрушки,Прогулки и детская комната,Коляски,166167,Коляска Peg Perego Pliko Mini,"8 998,0",9,Peg Perego,розовый
Детские товары и игрушки,Прогулки и детская комната,Коляски,166167,Коляска Peg Perego Pliko Mini,"9 948,4",9,Peg Perego,черный
Детские товары и игрушки,Прогулки и детская комната,Коляски,166167,Коляска Peg Perego Pliko Mini,"10 448,9",11,Peg Perego,песочный
Детские товары и игрушки,Прогулки и детская комната,Коляски,166167,Коляска Peg Perego Pliko Mini,"10 778,9",15,Peg Perego,бежевый
Детские товары и игрушки,Прогулки и детская комната,Коляски,166167,Коляска Peg Perego Pliko Mini,"9 887,9",2,Peg Perego,синий
Детские товары и игрушки,Прогулки и детская комната,Коляски,193761,Коляска Baby Care Jogger Cruze,"7117,0",2,Baby Care,
Детские товары и игрушки,Прогулки и детская комната,Коляски,193761,Коляска Baby Care Jogger Cruze,"7 689,0",13,Baby Care,зеленый
Детские товары и игрушки,Прогулки и детская комната,Коляски,193761,Коляска Baby Care Jogger Cruze,"8 239,0",14,Baby Care,красный
Детские товары и игрушки,Прогулки и детская комната,Коляски,193761,Коляска Baby Care Jogger Cruze,"8 239,0",11,Baby Care,серый
Детские товары и игрушки,Прогулки и детская комната,Коляски,193761,Коляска Baby Care Jogger Cruze,"7 689,0",5,Baby Care,фиолетовый
Детские товары и игрушки,Прогулки и детская комната,Коляски,193761,Коляска Baby Care Jogger Cruze,"7 689,0",14,Baby Care,синий
Детские товары и игрушки,Прогулки и детская комната,Коляски,951387,Коляска Bexa Cube 2 in 1,"20790,0",11,Bexa,
Детские товары и игрушки,Прогулки и детская комната,Коляски,718125,Коляска Chicco Multiway Evo,"7114,8",15,Chicco,
Детские товары и игрушки,Прогулки и детская комната,Коляски,718125,Коляска Chicco Multiway Evo,"7 114,8",14,Chicco,черный
Детские товары и игрушки,Прогулки и детская комната,Коляски,718125,Коляска Chicco Multiway Evo,"9 669,0",5,Chicco,синий
Детские товары и игрушки,Прогулки и детская комната,Коляски,710935,Коляска Peg Perego Book Cross,"25410,0",12,Peg Perego,
Детские товары и игрушки,Прогулки и детская комната,Коляски,710935,Коляска Peg Perego Book Cross,"26 840,0",7,Peg Perego,камуфляж
Детские товары и игрушки,Прогулки и детская комната,Коляски,710935,Коляска Peg Perego Book Cross,"26 950,0",11,Peg Perego,серый
Детские товары и игрушки,Прогулки и детская комната,Коляски,710935,Коляска Peg Perego Book Cross,"25 410,0",10,Peg Perego,бежевый
Детские товары и игрушки,Прогулки и детская комната,Коляски,710935,Коляска Peg Perego Book Cross,"25 740,0",5,Peg Perego,синий
Детские товары и игрушки,Прогулки и детская комната,Коляски,786314,Коляска Corol S-8,"6820,0",13,Corol,
Детские товары и игрушки,Прогулки и детская комната,Коляски,786314,Коляска Corol S-8,"8 577,8",9,Corol,зеленый
Детские товары и игрушки,Прогулки и детская комната,Коляски,786314,Коляска Corol S-8,"8 577,8",15,Corol,красный
Детские товары и игрушки,Прогулки и детская комната,Коляски,786314,Коляска Corol S-8,"8 577,8",13,Corol,серый
Детские товары и игрушки,Прогулки и детская комната,Коляски,786314,Коляска Corol S-8,"6 996,0",15,Corol,фиолетовый
Детские товары и игрушки,Прогулки и детская комната,Коляски,263224,Коляска Baby Care GT4,"6710,0",11,Baby Care,
Детские товары и игрушки,Прогулки и детская комната,Коляски,263224,Коляска Baby Care GT4,"7 139,0",6,Baby Care,коричневый
Детские товары и игрушки,Прогулки и детская комната,Коляски,263224,Коляска Baby Care GT4,"6 710,0",6,Baby Care,красный
Детские товары и игрушки,Прогулки и детская комната,Коляски,263224,Коляска Baby Care GT4,"6 710,0",2,Baby Care,серый
Детские товары и игрушки,Прогулки и детская комната,Коляски,263224,Коляска Baby Care GT4,"6 710,0",5,Baby Care,фиолетовый
Детские товары и игрушки,Прогулки и детская комната,Коляски,263224,Коляска Baby Care GT4,"6 710,0",10,Baby Care,синий
Детские товары и игрушки,Прогулки и детская комната,Коляски,611776,Коляска Alis Mateo 2 in 1,"12694,0",3,Alis,
Детские товары и игрушки,Прогулки и детская комната,Коляски,611776,Коляска Alis Mateo 2 in 1,"17 490,0",4,Alis,зеленый
Детские товары и игрушки,Прогулки и детская комната,Коляски,611776,Коляска Alis Mateo 2 in 1,"17 490,0",4,Alis,коричневый
Детские товары и игрушки,Прогулки и детская комната,Коляски,611776,Коляска Alis Mateo 2 in 1,"17 490,0",12,Alis,красный
Детские товары и игрушки,Прогулки и детская комната,Коляски,611776,Коляска Alis Mateo 2 in 1,"17 490,0",13,Alis,оранжевый
Детские товары и игрушки,Прогулки и детская комната,Коляски,611776,Коляска Alis Mateo 2 in 1,"17 490,0",15,Alis,розовый
Детские товары и игрушки,Прогулки и детская комната,Коляски,611776,Коляска Alis Mateo 2 in 1,"12 694,0",12,Alis,серый
Детские товары и игрушки,Прогулки и детская комната,Коляски,611776,Коляска Alis Mateo 2 in 1,"17 490,0",15,Alis,графит
Детские товары и игрушки,Прогулки и детская комната,Коляски,611776,Коляска Alis Mateo 2 in 1,"12 694,0",6,Alis,бежевый
Детские товары и игрушки,Прогулки и детская комната,Коляски,611776,Коляска Alis Mateo 2 in 1,"17 490,0",12,Alis,белый
Детские товары и игрушки,Прогулки и детская комната,Коляски,611776,Коляска Alis Mateo 2 in 1,"17 490,0",3,Alis,бирюзовый
Детские товары и игрушки,Прогулки и детская комната,Коляски,611776,Коляска Alis Mateo 2 in 1,"15 939,0",9,Alis,синий
Детские товары и игрушки,Прогулки и детская комната,Коляски,995258,Коляска Camarelo Elf,"13222,0",13,Camarelo,
Детские товары и игрушки,Прогулки и детская комната,Коляски,995258,Коляска Camarelo Elf,"13 222,0",11,Camarelo,зеленый
Детские товары и игрушки,Прогулки и детская комната,Коляски,995258,Коляска Camarelo Elf,"13 222,0",10,Camarelo,красный
Детские товары и игрушки,Прогулки и детская комната,Коляски,995258,Коляска Camarelo Elf,"15 510,0",10,Camarelo,фиолетовый
Детские товары и игрушки,Прогулки и детская комната,Коляски,995258,Коляска Camarelo Elf,"13 222,0",5,Camarelo,бежевый
Детские товары и игрушки,Прогулки и детская комната,Коляски,995258,Коляска Camarelo Elf,"13 222,0",14,Camarelo,бирюзовый
Детские товары и игрушки,Прогулки и детская комната,Коляски,808324,Коляска Sweet Baby Mamma Mia,"7205,0",5,Sweet Baby,
Детские товары и игрушки,Прогулки и детская комната,Коляски,741401,Коляска Tutis Zippy Tapu 2 in 1,"20240,0",9,Tutis,
Детские товары и игрушки,Прогулки и детская комната,Коляски,741401,Коляска Tutis Zippy Tapu 2 in 1,"20 240,0",8,Tutis,красный
Детские товары и игрушки,Прогулки и детская комната,Коляски,741401,Коляска Tutis Zippy Tapu 2 in 1,"20 240,0",12,Tutis,салатовый
Детские товары и игрушки,Прогулки и детская комната,Коляски,741401,Коляска Tutis Zippy Tapu 2 in 1,"20 240,0",11,Tutis,бежевый
Детские товары и игрушки,Прогулки и детская комната,Коляски,741401,Коляска Tutis Zippy Tapu 2 in 1,"22 770,0",3,Tutis,синий
Детские товары и игрушки,Прогулки и детская комната,Коляски,189815,Коляска Baby Care Seville,"11990,0",15,Baby Care,
Детские товары и игрушки,Прогулки и детская комната,Коляски,189815,Коляска Baby Care Seville,"12 221,0",9,Baby Care,красный
Детские товары и игрушки,Прогулки и детская комната,Коляски,189815,Коляска Baby Care Seville,"12 221,0",14,Baby Care,серый
Детские товары и игрушки,Прогулки и детская комната,Коляски,189815,Коляска Baby Care Seville,"12 221,0",15,Baby Care,синий
Детские товары и игрушки,Прогулки и детская комната,Коляски,387756,Коляска Camarelo EOS,"10758,0",7,Camarelo,
Детские товары и игрушки,Прогулки и детская комната,Коляски,387756,Коляска Camarelo EOS,"10 947,2",11,Camarelo,желтый
Детские товары и игрушки,Прогулки и детская комната,Коляски,387756,Коляска Camarelo EOS,"10 758,0",9,Camarelo,коричневый
Детские товары и игрушки,Прогулки и детская комната,Коляски,387756,Коляска Camarelo EOS,"10 758,0",14,Camarelo,красный
Детские товары и игрушки,Прогулки и детская комната,Коляски,387756,Коляска Camarelo EOS,"12 276,0",7,Camarelo,розовый
Детские товары и игрушки,Прогулки и детская комната,Коляски,387756,Коляска Camarelo EOS,"12 320,0",10,Camarelo,салатовый
Детские товары и игрушки,Прогулки и детская комната,Коляски,387756,Коляска Camarelo EOS,"10 758,0",12,Camarelo,серый
Детские товары и игрушки,Прогулки и детская комната,Коляски,387756,Коляска Camarelo EOS,"10 758,0",8,Camarelo,фиолетовый
Детские товары и игрушки,Прогулки и детская комната,Коляски,387756,Коляска Camarelo EOS,"12 870,0",13,Camarelo,черный
Детские товары и игрушки,Прогулки и детская комната,Коляски,387756,Коляска Camarelo EOS,"12 870,0",4,Camarelo,графит
Детские товары и игрушки,Прогулки и детская комната,Коляски,387756,Коляска Camarelo EOS,"12 870,0",7,Camarelo,песочный
Детские товары и игрушки,Прогулки и детская комната,Коляски,387756,Коляска Camarelo EOS,"11 497,2",12,Camarelo,бежевый
Детские товары и игрушки,Прогулки и детская комната,Коляски,387756,Коляска Camarelo EOS,"10 758,0",11,Camarelo,синий
Детские товары и игрушки,Прогулки и детская комната,Коляски,806604,Коляска Jetem Orion 4.0,"8855,0",11,Jetem,
